agent background page,","
agent bio link for luxury homes,","
agent bio link to CRM,","
agent booklet link idea,","
agent call link layout,","
agent call to action links,","
agent click page tips,","
agent click profile,","
agent connect link page,","
agent contact hub,","
agent contact hub setup,","
agent contact link ideas,","
agent contact link setup,","
agent core link setup,","
agent digital calling card,","
agent digital link page,","
agent digital portfolio,","
agent email link hub,","
agent info link setup,","
agent landing link service,","
agent landing mini site,","
agent lead form link page,","
agent lead magnet link page,","
agent link bio setup,","
agent link card setup,","
agent link for leads,","
agent link for referrals,","
agent link for short video content,","
agent link hub guide,","
agent link ideas for new agents,","
agent link landing plan,","
agent link layout sample,","
agent link library,","
agent link page cheat sheet,","
agent link page facts,","
agent link page layout guide,","
agent link page planner,","
agent link page SEO ideas,","
agent link page tricks,","
agent link path setup,","
agent link sheet,","
agent link starter tips,","
agent link that builds trust,","
agent link tree tips,","
agent link website,","
agent link with booking tool,","
agent listings mini site,","
agent local link hub,","
agent micro link card,","
agent mobile link card,","
agent needs one link page,","
agent NFC link card,","
agent one page tool,","
agent online hub,","
agent online resume page,","
agent page link ideas,","
agent phone link card,","
agent proof of deals link,","
agent QR code setup ideas,","
agent qr link for yard sign,","
agent QR page setup,","
agent quick profile link,","
agent referral link setup,","
agent simple bio link,","
agent simple landing link,","
agent social funnel link,","
agent social link ideas,","
agent social link layout,","
agent tap link page,","
agent text link ideas,","
agent trusted link ideas,","
agent vendor link page,","
agent website bio link,","
all-in-one link page for real estate,","
apartment realtor link page,","
best agent bio link setup,","
best agent link buttons,","
best bio link tool for agents,","
best contact link buttons,","
best link links for realtors,","
best link page layout for real estate agents,","
best page layout for realtors,","
best single link for real estate,","
best way to link home listings on instagram,","
better linktree option for realtors,","
bio link for new realtors,","
bio link for real estate teams,","
brochure QR link page,","
broker link page template,","
build a real estate agent link page,","
build one page for listings,","
build trust as agent online,","
business card QR link page,","
buyer agent link page,","
buyer guide link page,","
call button link for agents,","
call to action ideas for real estate link page,","
central link page for agents,","
city real estate link page,","
client review link page,","
condo agent link page,","
create link hub for realtors,","
direct messages to deals real estate,","
easy link setup for agents,","
easy real estate bio link setup,","
facebook link hub for agents,","
facebook link page for real estate agents,","
fast contact page for agents,","
fast link ideas for agents,","
fast link tool for realtors,","
flyer link for agents,","
flyer QR link page,","
free link page tips for agents,","
google review link for agents,","
group link page for real estate,","
guide link for first time buyers,","
home ads link hub,","
home buying link hub,","
home lender link hub,","
home sales link ideas,","
home seller link page,","
home selling link hub,","
how agents get leads from social bio links,","
how agents send links online,","
how new agents can stand out with one link hub,","
how real estate agents send one link,","
how real estate agents use link in bio,","
how to build a simple link page for real estate,","
how to build trust with real estate bio page,","
how to link your active listings,","
how to show listings as a real estate agent,","
how to show sold homes online,","
how to show your real estate work online,","
how to turn social clicks into listing leads,","
how to write a real estate agent bio,","
IG link setup for real estate,","
instagram link ideas for realtors,","
instagram link page for real estate agent,","
instagram link tool for agents,","
investor agent link page,","
landlord agent link page,","
lead link for open house,","
link for home tours,","
link for rental agents,","
link from flyers for agent,","
link hub for leasing agents,","
link hub for listings,","
link hub for top agents,","
link ideas for real estate pages,","
link in bio for realtors on instagram,","
link in bio tool for real estate agents,","
link in bio tool for realtors,","
link list for real estate pros,","
link menu for open house day,","
link page for buyers,","
link page for home buyers,","
link page for home sellers,","
link page for home tours,","
link page for listing ads,","
link page for open house leads,","
link page for open houses,","
link page for property listings,","
link page for real estate leads,","
link page ideas for new agents,","
link page that gets listing leads,","
link page tips for agent leads,","
link page tips for realtors,","
link page tips for small broker teams,","
link page to book showings,","
link page with showing times,","
link site for broker teams,","
linktree alternatives for real estate,","
linktree for real estate review,","
linktree vs real estate link page,","
list of links for real estate agents,","
listing agent link page,","
listing flyer link hub,","
listing QR link setup,","
loan officer link page,","
local agent link card,","
messenger link for realtor,","
mini hub for real estate ads,","
mini site for agents,","
mistakes agents make with link in bio pages,","
mobile link page for agents,","
modern real estate link page,","
mortgage agent link page,","
neighborhood agent link site,","
neighborhood link for agents,","
new agent link page setup,","
new build realtor link page,","
no-code link page for real estate,","
one click link for realtors,","
one link for real estate agents,","
one link funnel for real estate,","
one link real estate tips,","
one link setup for agents,","
one page site for agents,","
one tap contact for real estate,","
one tap link for agents,","
online card for agents,","
online card for real estate agents,","
online portfolio link page,","
open house landing link,","
open house QR link,","
phone page for real estate,","
pinterest link idea for realtors,","
print to link system for agents,","
private link site for agents,","
property link landing tips,","
property QR link ideas,","
property showcase link,","
QR card for real estate agent,","
QR code link for agents,","
QR menu for realtors,","
quick contact page for realtors,","
quick guide link for real estate,","
quick link for agents,","
real estate agent bio layout,","
real estate agent bio link page,","
real estate agent deal portfolio page,","
real estate agent landing page for leads,","
real estate agent landing page link,","
real estate agent landing page tips,","
real estate agent link tool,","
real estate agent listing page,","
real estate agent online profile tips,","
real estate agent personal site link,","
real estate agent profile link,","
real estate agent profile link samples,","
real estate bio examples,","
real estate bio link examples,","
real estate bio link mistakes,","
real estate bio link tricks,","
real estate bio quick setup,","
real estate bio website link,","
real estate booking link ideas,","
real estate call link menu,","
real estate click funnel link,","
real estate click link system,","
real estate contact link hub,","
real estate deal showcase page,","
real estate direct link page,","
real estate farm area link,","
real estate instagram bio ideas,","
real estate lead capture link,","
real estate lead link buttons,","
real estate lead link ideas,","
real estate lead link layout,","
real estate lead tap site,","
real estate link for open houses,","
real estate link hub,","
real estate link hub menu,","
real estate link ideas for buyers,","
real estate link ideas for sellers,","
real estate link in bio ideas,","
real estate link landing ideas,","
real estate link layout sample,","
real estate link lists guide,","
real estate link page call to action ideas,","
real estate link page for listings,","
real estate link page to get seller leads,","
real estate link site ideas,","
real estate link site layout,","
real estate listing landing page,","
real estate listings link page guide,","
real estate marketing bio ideas,","
real estate marketing link list,","
real estate micro site page,","
real estate mobile hub,","
real estate one page layout,","
real estate one page play,","
real estate one stop link page,","
real estate online card tips,","
real estate page link guide,","
real estate partners link hub,","
real estate pocket website,","
real estate profile link tips,","
real estate profile link tool,","
real estate proof of work page,","
real estate QR flow page,","
real estate QR link ideas,","
real estate QR sign idea,","
real estate quick link page,","
real estate review link setup,","
real estate share link setup,","
real estate share page tips,","
real estate showing scheduler link,","
real estate simple link flow,","
real estate single link tips,","
real estate social link playbook,","
real estate success page ideas,","
real estate support link page,","
real estate tap card link,","
real estate tap link menu,","
real estate trust page ideas,","
real estate video link hub,","
realtor bio link starter guide,","
realtor calendar link,","
realtor card scan link,","
realtor click link page,","
realtor click page plan,","
realtor contact button hub,","
realtor DM link ideas,","
realtor fast link to listings,","
realtor fast website,","
realtor info page ideas,","
realtor link call to action,","
realtor link cluster ideas,","
realtor link for lenders,","
realtor link for title reps,","
realtor link grab page,","
realtor link menu ideas,","
realtor link page setup,","
realtor link placement rules,","
realtor link stack page,","
realtor link tools list,","
realtor menu list page,","
realtor mini webpage,","
realtor mobile button page,","
realtor mobile link setup,","
realtor one click page,","
realtor one page ideas,","
realtor one-page kit,","
realtor online landing list,","
realtor open house link,","
realtor open house page,","
realtor personal link tool,","
realtor phone-tap link,","
realtor podcast page link,","
realtor profile quick page,","
realtor proof page,","
realtor QR tap page,","
realtor quick links,","
realtor quick start link plan,","
realtor rating link ideas,","
realtor share links,","
realtor social funnel ideas,","
realtor social link tool,","
realtor social page setup,","
realtor text card,","
realtor yard sign QR link,","
relocation agent link hub,","
scan code link page real estate,","
schedule call link for agents,","
seller agent link page,","
seller guide link page,","
send leads to CRM link,","
share link sheet for agents,","
share one link as realtor,","
show listings with one link,","
show off real estate listings online,","
show proof as real estate agent,","
show your sold listings online,","
signs with QR link page,","
simple real estate page links,","
simple realtor link page,","
simple way to showcase your sold deals online,","
single link page for realtors,","
small broker page link ideas,","
smart link for real estate agents,","
smart QR link for home sale ads,","
social bio link for real estate,","
social click page for agents,","
social link for real estate,","
social link menu for agents,","
social media link page for agents,","
social page for real estate agents,","
social proof link page,","
social traffic to real estate page,","
sold homes portfolio page,","
team bio link page,","
team link homepage ideas,","
text-friendly link page,","
tiktok bio link for real estate agent,","
tiktok link page for agents,","
tiktok link page ideas,","
tiny website for realtors,","
title rep link ideas,","
top agent link list,","
top buttons for realtor page,","
top items for a realtor link page,","
top items for real estate bio page,","
top links every realtor should have in bio,","
top links for realtors,","
top tabs for agent link page,","
turn social clicks into leads for realtors,","
what should real estate agents link in bio,","
what to put in your real estate link page,","
what to put on real estate landing link,","
what to put on your real estate link page,","
whatsapp link for realtors,","
why agents need a clean link page,","
why real estate agents need a link hub,","
why realtors need custom link page,","
yard sign link tool,","
youtube bio link for real estate agents,","
youtube link page for real estate,","
zillow review link for agents,","
,","
